name,location,min_gpa,majors,type,admissions_factors
Princeton University,Northeast,3.9,"Economics,Computer Science,Engineering,Public Policy",Private,Rigor of secondary school record:Considered|Academic GPA:Considered|Standardized test scores:Considered|Class rank:Considered|Application essay:Considered|Recommendations:Considered|Extracurricular activities:Considered|Character/personal qualities:Considered
Massachusetts Institute of Technology,Northeast,3.9,"Computer Science,Engineering,Physics,Mathematics",Private,Rigor of secondary school record:Considered|Academic GPA:Considered|Standardized test scores:Considered|Class rank:Considered|Application essay:Considered|Recommendations:Considered|Extracurricular activities:Considered|Character/personal qualities:Considered
Harvard University,Northeast,3.9,"Economics,Government,Computer Science,Biology",Private,Rigor of secondary school record:Considered|Academic GPA:Considered|Standardized test scores:Considered|Class rank:Considered|Application essay:Considered|Recommendations:Considered|Extracurricular activities:Considered|Character/personal qualities:Considered
Stanford University,West,3.9,"Computer Science,Engineering,Biology,Economics",Private,Rigor of secondary school record:Considered|Academic GPA:Considered|Standardized test scores:Considered|Class rank:Considered|Application essay:Considered|Recommendations:Considered|Extracurricular activities:Considered|Character/personal qualities:Considered
Yale University,Northeast,3.9,"Political Science,Economics,History,Biology",Private,Rigor of secondary school record:Considered|Academic GPA:Considered|Standardized test scores:Considered|Class rank:Considered|Application essay:Considered|Recommendations:Considered|Extracurricular activities:Considered|Character/personal qualities:Considered
University of Pennsylvania,Northeast,3.9,"Business,Economics,Computer Science,Nursing",Private,Rigor of secondary school record:Considered|Academic GPA:Considered|Standardized test scores:Considered|Class rank:Considered|Application essay:Considered|Recommendations:Considered|Extracurricular activities:Considered|Character/personal qualities:Considered
California Institute of Technology,West,3.9,"Engineering,Physics,Computer Science,Mathematics",Private,Rigor of secondary school record:Considered|Academic GPA:Considered|Standardized test scores:Considered|Class rank:Considered|Application essay:Considered|Recommendations:Considered|Extracurricular activities:Considered|Character/personal qualities:Considered
Duke University,Southeast,3.8,"Biology,Economics,Computer Science,Public Policy",Private,Rigor of secondary school record:Considered|Academic GPA:Considered|Standardized test scores:Considered|Class rank:Considered|Application essay:Considered|Recommendations:Considered|Extracurricular activities:Considered|Character/personal qualities:Considered
Brown University,Northeast,3.8,"Computer Science,Biology,Economics,International Relations",Private,Rigor of secondary school record:Considered|Academic GPA:Considered|Standardized test scores:Considered|Class rank:Considered|Application essay:Considered|Recommendations:Considered|Extracurricular activities:Considered|Character/personal qualities:Considered
Johns Hopkins University,Northeast,3.8,"Biology,Computer Science,Engineering,Public Health",Private,Rigor of secondary school record:Considered|Academic GPA:Considered|Standardized test scores:Considered|Class rank:Considered|Application essay:Considered|Recommendations:Considered|Extracurricular activities:Considered|Character/personal qualities:Considered
Northwestern University,Midwest,3.8,"Economics,Journalism,Computer Science,Engineering",Private,Rigor of secondary school record:Considered|Academic GPA:Considered|Standardized test scores:Considered|Class rank:Considered|Application essay:Considered|Recommendations:Considered|Extracurricular activities:Considered|Character/personal qualities:Considered
Columbia University,Northeast,3.8,"Computer Science,Economics,Engineering,Political Science",Private,Rigor of secondary school record:Considered|Academic GPA:Considered|Standardized test scores:Considered|Class rank:Considered|Application essay:Considered|Recommendations:Considered|Extracurricular activities:Considered|Character/personal qualities:Considered
Cornell University,Northeast,3.8,"Engineering,Agriculture,Computer Science,Business",Private,Rigor of secondary school record:Considered|Academic GPA:Considered|Standardized test scores:Considered|Class rank:Considered|Application essay:Considered|Recommendations:Considered|Extracurricular activities:Considered|Character/personal qualities:Considered
University of Chicago,Midwest,3.8,"Economics,Mathematics,Political Science,Computer Science",Private,Rigor of secondary school record:Considered|Academic GPA:Considered|Standardized test scores:Considered|Class rank:Considered|Application essay:Considered|Recommendations:Considered|Extracurricular activities:Considered|Character/personal qualities:Considered
University of California Berkeley,West,3.8,"Computer Science,Engineering,Business,Biology",Public,Rigor of secondary school record:Considered|Academic GPA:Considered|Standardized test scores:Considered|Class rank:Considered|Application essay:Considered|Recommendations:Considered|Extracurricular activities:Considered|Character/personal qualities:Considered
University of California Los Angeles,West,3.7,"Computer Science,Biology,Psychology,Film",Public,Rigor of secondary school record:Considered|Academic GPA:Considered|Standardized test scores:Considered|Class rank:Considered|Application essay:Considered|Recommendations:Considered|Extracurricular activities:Considered|Character/personal qualities:Considered
Rice University,South,3.7,"Engineering,Computer Science,Economics,Biology",Private,Rigor of secondary school record:Considered|Academic GPA:Considered|Standardized test scores:Considered|Class rank:Considered|Application essay:Considered|Recommendations:Considered|Extracurricular activities:Considered|Character/personal qualities:Considered
Dartmouth College,Northeast,3.7,"Economics,Computer Science,Biology,Engineering",Private,Rigor of secondary school record:Considered|Academic GPA:Considered|Standardized test scores:Considered|Class rank:Considered|Application essay:Considered|Recommendations:Considered|Extracurricular activities:Considered|Character/personal qualities:Considered
Vanderbilt University,Southeast,3.7,"Economics,Biology,Computer Science,Education",Private,Rigor of secondary school record:Considered|Academic GPA:Considered|Standardized test scores:Considered|Class rank:Considered|Application essay:Considered|Recommendations:Considered|Extracurricular activities:Considered|Character/personal qualities:Considered
University of Notre Dame,Midwest,3.7,"Business,Engineering,Economics,Biology",Private,Rigor of secondary school record:Considered|Academic GPA:Considered|Standardized test scores:Considered|Class rank:Considered|Application essay:Considered|Recommendations:Considered|Extracurricular activities:Considered|Character/personal qualities:Considered
University of Michigan,Midwest,3.7,"Engineering,Business,Computer Science,Biology",Public,Rigor of secondary school record:Considered|Academic GPA:Considered|Standardized test scores:Considered|Class rank:Considered|Application essay:Considered|Recommendations:Considered|Extracurricular activities:Considered|Character/personal qualities:Considered
Georgetown University,Northeast,3.7,"Political Science,Economics,International Relations,Business",Private,Rigor of secondary school record:Considered|Academic GPA:Considered|Standardized test scores:Considered|Class rank:Considered|Application essay:Considered|Recommendations:Considered|Extracurricular activities:Considered|Character/personal qualities:Considered
Carnegie Mellon University,Northeast,3.7,"Computer Science,Engineering,Design,Business",Private,Rigor of secondary school record:Considered|Academic GPA:Considered|Standardized test scores:Considered|Class rank:Considered|Application essay:Considered|Recommendations:Considered|Extracurricular activities:Considered|Character/personal qualities:Considered
University of Virginia,Southeast,3.6,"Economics,Computer Science,Engineering,Business",Public,Rigor of secondary school record:Considered|Academic GPA:Considered|Standardized test scores:Considered|Class rank:Considered|Application essay:Considered|Recommendations:Considered|Extracurricular activities:Considered|Character/personal qualities:Considered
University of North Carolina Chapel Hill,Southeast,3.6,"Business,Biology,Communications,Computer Science",Public,Rigor of secondary school record:Considered|Academic GPA:Considered|Standardized test scores:Considered|Class rank:Considered|Application essay:Considered|Recommendations:Considered|Extracurricular activities:Considered|Character/personal qualities:Considered
Emory University,Southeast,3.6,"Biology,Economics,Computer Science,Psychology",Private,Rigor of secondary school record:Considered|Academic GPA:Considered|Standardized test scores:Considered|Class rank:Considered|Application essay:Considered|Recommendations:Considered|Extracurricular activities:Considered|Character/personal qualities:Considered
University of Southern California,West,3.6,"Computer Science,Film,Business,Engineering",Private,Rigor of secondary school record:Considered|Academic GPA:Considered|Standardized test scores:Considered|Class rank:Considered|Application essay:Considered|Recommendations:Considered|Extracurricular activities:Considered|Character/personal qualities:Considered
University of Florida,Southeast,3.6,"Business,Biology,Engineering,Communications",Public,Rigor of secondary school record:Considered|Academic GPA:Considered|Standardized test scores:Considered|Class rank:Considered|Application essay:Considered|Recommendations:Considered|Extracurricular activities:Considered|Character/personal qualities:Considered
University of Texas at Austin,South,3.6,"Computer Science,Engineering,Business,Communications",Public,Rigor of secondary school record:Considered|Academic GPA:Considered|Standardized test scores:Considered|Class rank:Considered|Application essay:Considered|Recommendations:Considered|Extracurricular activities:Considered|Character/personal qualities:Considered
University of Wisconsin-Madison,Midwest,3.5,"Engineering,Business,Computer Science,Biology",Public,Rigor of secondary school record:Considered|Academic GPA:Considered|Standardized test scores:Considered|Class rank:Considered|Application essay:Considered|Recommendations:Considered|Extracurricular activities:Considered|Character/personal qualities:Considered
Georgia Institute of Technology,Southeast,3.6,"Computer Science,Engineering,Business",Public,Rigor of secondary school record:Considered|Academic GPA:Considered|Standardized test scores:Considered|Class rank:Considered|Application essay:Considered|Recommendations:Considered|Extracurricular activities:Considered|Character/personal qualities:Considered
University of Illinois Urbana-Champaign,Midwest,3.6,"Computer Science,Engineering,Business,Agriculture",Public,Rigor of secondary school record:Considered|Academic GPA:Considered|Standardized test scores:Considered|Class rank:Considered|Application essay:Considered|Recommendations:Considered|Extracurricular activities:Considered|Character/personal qualities:Considered
New York University,Northeast,3.6,"Business,Computer Science,Film,Economics",Private,Rigor of secondary school record:Considered|Academic GPA:Considered|Standardized test scores:Considered|Class rank:Considered|Application essay:Considered|Recommendations:Considered|Extracurricular activities:Considered|Character/personal qualities:Considered
Boston College,Northeast,3.5,"Business,Economics,Communications,Biology",Private,Rigor of secondary school record:Considered|Academic GPA:Considered|Standardized test scores:Considered|Class rank:Considered|Application essay:Considered|Recommendations:Considered|Extracurricular activities:Considered|Character/personal qualities:Considered
Tufts University,Northeast,3.6,"Computer Science,Engineering,Biology,International Relations",Private,Rigor of secondary school record:Considered|Academic GPA:Considered|Standardized test scores:Considered|Class rank:Considered|Application essay:Considered|Recommendations:Considered|Extracurricular activities:Considered|Character/personal qualities:Considered
University of Rochester,Northeast,3.5,"Computer Science,Engineering,Biology,Music",Private,Rigor of secondary school record:Considered|Academic GPA:Considered|Standardized test scores:Considered|Class rank:Considered|Application essay:Considered|Recommendations:Considered|Extracurricular activities:Considered|Character/personal qualities:Considered
Boston University,Northeast,3.5,"Computer Science,Business,Communications,Biology",Private,Rigor of secondary school record:Considered|Academic GPA:Considered|Standardized test scores:Considered|Class rank:Considered|Application essay:Considered|Recommendations:Considered|Extracurricular activities:Considered|Character/personal qualities:Considered
Ohio State University,Midwest,3.4,"Business,Engineering,Biology,Communications",Public,Rigor of secondary school record:Considered|Academic GPA:Considered|Standardized test scores:Considered|Class rank:Considered|Application essay:Considered|Recommendations:Considered|Extracurricular activities:Considered|Character/personal qualities:Considered
University of California San Diego,West,3.6,"Computer Science,Engineering,Biology,Economics",Public,Rigor of secondary school record:Considered|Academic GPA:Considered|Standardized test scores:Considered|Class rank:Considered|Application essay:Considered|Recommendations:Considered|Extracurricular activities:Considered|Character/personal qualities:Considered
University of California Davis,West,3.5,"Biology,Engineering,Agriculture,Computer Science",Public,Rigor of secondary school record:Considered|Academic GPA:Considered|Standardized test scores:Considered|Class rank:Considered|Application essay:Considered|Recommendations:Considered|Extracurricular activities:Considered|Character/personal qualities:Considered
University of California Irvine,West,3.5,"Computer Science,Biology,Business,Engineering",Public,Rigor of secondary school record:Considered|Academic GPA:Considered|Standardized test scores:Considered|Class rank:Considered|Application essay:Considered|Recommendations:Considered|Extracurricular activities:Considered|Character/personal qualities:Considered
University of California Santa Barbara,West,3.5,"Computer Science,Biology,Communications,Economics",Public,Rigor of secondary school record:Considered|Academic GPA:Considered|Standardized test scores:Considered|Class rank:Considered|Application essay:Considered|Recommendations:Considered|Extracurricular activities:Considered|Character/personal qualities:Considered
University of Maryland College Park,Northeast,3.5,"Computer Science,Engineering,Business,Biology",Public,Rigor of secondary school record:Considered|Academic GPA:Considered|Standardized test scores:Considered|Class rank:Considered|Application essay:Considered|Recommendations:Considered|Extracurricular activities:Considered|Character/personal qualities:Considered
Wake Forest University,Southeast,3.5,"Business,Economics,Biology,Communications",Private,Rigor of secondary school record:Considered|Academic GPA:Considered|Standardized test scores:Considered|Class rank:Considered|Application essay:Considered|Recommendations:Considered|Extracurricular activities:Considered|Character/personal qualities:Considered
Lehigh University,Northeast,3.4,"Engineering,Business,Computer Science,Economics",Private,Rigor of secondary school record:Considered|Academic GPA:Considered|Standardized test scores:Considered|Class rank:Considered|Application essay:Considered|Recommendations:Considered|Extracurricular activities:Considered|Character/personal qualities:Considered
Purdue University,Midwest,3.4,"Engineering,Computer Science,Agriculture,Business",Public,Rigor of secondary school record:Considered|Academic GPA:Considered|Standardized test scores:Considered|Class rank:Considered|Application essay:Considered|Recommendations:Considered|Extracurricular activities:Considered|Character/personal qualities:Considered
University of Washington,West,3.5,"Computer Science,Engineering,Biology,Business",Public,Rigor of secondary school record:Considered|Academic GPA:Considered|Standardized test scores:Considered|Class rank:Considered|Application essay:Considered|Recommendations:Considered|Extracurricular activities:Considered|Character/personal qualities:Considered
Texas A&M University,South,3.4,"Engineering,Agriculture,Business,Computer Science",Public,Rigor of secondary school record:Considered|Academic GPA:Considered|Standardized test scores:Considered|Class rank:Considered|Application essay:Considered|Recommendations:Considered|Extracurricular activities:Considered|Character/personal qualities:Considered
University of Georgia,Southeast,3.4,"Business,Biology,Communications,Agriculture",Public,Rigor of secondary school record:Considered|Academic GPA:Considered|Standardized test scores:Considered|Class rank:Considered|Application essay:Considered|Recommendations:Considered|Extracurricular activities:Considered|Character/personal qualities:Considered
Penn State University,Northeast,3.4,"Engineering,Business,Communications,Agriculture",Public,Rigor of secondary school record:Considered|Academic GPA:Considered|Standardized test scores:Considered|Class rank:Considered|Application essay:Considered|Recommendations:Considered|Extracurricular activities:Considered|Character/personal qualities:Considered
